,Unnamed: 0,Player,Tm,Age,Pos,G,Tgt,Rec,Ctch%,Yds,Y/R,TD,Y/Tgt,R/G,Y/G,Player-additional
0,0,JustinJefferson,MIN,23,WR,17,184,128,69.6%,1809,14.1,8,9.8,7.5,106.4,JeffJu00
1,1,TyreekHill,MIA,28,WR,17,170,119,70.0%,1710,14.4,7,10.1,7.0,100.6,HillTy00
3,3,StefonDiggs,BUF,29,WR,16,154,108,70.1%,1429,13.2,11,9.3,6.8,89.3,DiggSt00
5,5,CeeDeeLamb,DAL,23,WR,17,156,107,68.6%,1359,12.7,9,8.7,6.3,79.9,LambCe00
6,6,AmonRaStBrown,DET,23,WR,16,146,106,72.6%,1161,11.0,6,8.0,6.6,72.6,StxxAm00
7,7,ChrisGodwin,TAM,26,WR,15,142,104,73.2%,1023,9.8,3,7.2,6.9,68.2,GodwCh00
8,8,DavanteAdams,LVR,30,WR,17,180,100,55.6%,1516,15.2,14,8.4,5.9,89.2,AdamDa01
9,9,MichaelPittmanJr,IND,25,WR,16,141,99,70.2%,925,9.3,4,6.6,6.2,57.8,PittMi01
10,10,DeVontaSmith,PHI,24,WR,17,136,95,69.9%,1196,12.6,7,8.8,5.6,70.4,SmitDe07
11,11,DKMetcalf,SEA,25,WR,17,141,90,63.8%,1048,11.6,6,7.4,5.3,61.6,MetcDK00
12,12,AJBrown,PHI,25,WR,17,145,88,60.7%,1496,17.0,11,10.3,5.2,88.0,BrowAJ00
13,13,JaMarrChase,CIN,22,WR,12,134,87,64.9%,1046,12.0,9,7.8,7.3,87.2,ChasJa00
15,15,DiontaeJohnson,PIT,26,WR,17,147,86,58.5%,882,10.3,0,6.0,5.1,51.9,JohnDi01
17,17,ChristianKirk,JAX,26,WR,17,133,84,63.2%,1108,13.2,8,8.3,4.9,65.2,KirkCh01
18,18,TylerLockett,SEA,30,WR,16,117,84,71.8%,1033,12.3,9,8.8,5.3,64.6,LockTy00
19,19,GarrettWilson,NYJ,22,WR,17,147,83,56.5%,1103,13.3,4,7.5,4.9,64.9,WilsGa00
20,20,ZayJones,JAX,27,WR,16,121,82,67.8%,823,10.0,5,6.8,5.1,51.4,JoneZa00
21,21,BrandonAiyuk,SFO,24,WR,17,114,78,68.4%,1015,13.0,8,8.9,4.6,59.7,AiyuBr00
22,22,AmariCooper,CLE,28,WR,17,132,78,59.1%,1160,14.9,9,8.8,4.6,68.2,CoopAm00
23,23,JuJuSmithSchuster,KAN,26,WR,16,101,78,77.2%,933,12.0,3,9.2,4.9,58.3,SmitJu00
24,24,MikeEvans,TAM,29,WR,15,127,77,60.6%,1124,14.6,6,8.9,5.1,74.9,EvanMi00
25,25,TerryMcLaurin,WAS,27,WR,17,120,77,64.2%,1191,15.5,5,9.9,4.5,70.1,McLaTe00
26,26,CooperKupp,LAR,29,WR,9,98,75,76.5%,812,10.8,6,8.3,8.3,90.2,KuppCo00
27,27,JaylenWaddle,MIA,24,WR,17,117,75,64.1%,1356,18.1,8,11.6,4.4,79.8,WaddJa00
28,28,TeeHiggins,CIN,23,WR,16,109,74,67.9%,1029,13.9,7,9.4,4.6,64.3,HiggTe00
33,33,DrakeLondon,ATL,21,WR,17,117,72,61.5%,866,12.0,4,7.4,4.2,50.9,LondDr00
34,34,ChrisOlave,NOR,22,WR,15,119,72,60.5%,1042,14.5,4,8.8,4.8,69.5,OlavCh00
35,35,JoshPalmer,LAC,24,WR,16,107,72,67.3%,769,10.7,3,7.2,4.5,48.1,PalmJo00
36,36,AdamThielen,MIN,32,WR,17,107,70,65.4%,716,10.2,6,6.7,4.1,42.1,ThieAd00
38,38,MarquiseBrown,ARI,25,WR,12,107,67,62.6%,709,10.6,3,6.6,5.6,59.1,BrowMa04
39,39,JerryJeudy,DEN,23,WR,15,100,67,67.0%,972,14.5,6,9.7,4.5,64.8,JeudJe00
40,40,JakobiMeyers,NWE,26,WR,14,96,67,69.8%,804,12.0,6,8.4,4.8,57.4,MeyeJa01
41,41,KeenanAllen,LAC,30,WR,10,89,66,74.2%,752,11.4,4,8.4,6.6,75.2,AlleKe00
42,42,DeAndreHopkins,ARI,30,WR,9,96,64,66.7%,717,11.2,3,7.5,7.1,79.7,HopkDe00
43,43,CurtisSamuel,WAS,26,WR,17,92,64,69.6%,656,10.3,4,7.1,3.8,38.6,SamuCu00
44,44,CourtlandSutton,DEN,27,WR,15,109,64,58.7%,829,13.0,2,7.6,4.3,55.3,SuttCo00
45,45,ParrisCampbell,IND,25,WR,17,91,63,69.2%,623,9.9,3,6.8,3.7,36.6,CampPa00
47,47,DJMoore,CAR,25,WR,17,118,63,53.4%,888,14.1,7,7.5,3.7,52.2,MoorD.00
48,48,MikeWilliams,LAC,28,WR,13,93,63,67.7%,895,14.2,4,9.6,4.8,68.8,WillMi07
49,49,DonovanPeoplesJones,CLE,23,WR,17,96,61,63.5%,839,13.8,3,8.7,3.6,49.4,PeopDo00
51,51,AllenLazard,GNB,27,WR,15,100,60,60.0%,788,13.1,6,7.9,4.0,52.5,LazaAl00
53,53,KJOsborn,MIN,25,WR,17,90,60,66.7%,650,10.8,5,7.2,3.5,38.2,OsboKJ00
55,55,TylerBoyd,CIN,28,WR,16,82,58,70.7%,762,13.1,5,9.3,3.6,47.6,BoydTy00
60,60,BrandinCooks,HOU,29,WR,13,93,57,61.3%,699,12.3,3,7.5,4.4,53.8,CookBr00
61,61,MackHollins,LVR,29,WR,17,94,57,60.6%,690,12.1,4,7.3,3.4,40.6,HollMa00
62,62,RichieJames,NYG,27,WR,17,70,57,81.4%,569,10.0,4,8.1,3.4,33.5,JameRi00
66,66,DeeboSamuel,SFO,26,WR,13,94,56,59.6%,632,11.3,2,6.7,4.3,48.6,SamuDe00
70,70,RobertWoods,TEN,30,WR,17,91,53,58.2%,527,9.9,2,5.8,3.1,31.0,WoodRo02
71,71,GregDortch,ARI,24,WR,16,64,52,81.3%,467,9.0,2,7.3,3.3,29.2,DortGr01
73,73,GeorgePickens,PIT,21,WR,17,84,52,61.9%,801,15.4,4,9.5,3.1,47.1,PickGe00
74,74,RussellGage,TAM,26,WR,13,70,51,72.9%,426,8.4,5,6.1,3.9,32.8,GageRu00
78,78,GabrielDavis,BUF,23,WR,15,93,48,51.6%,836,17.4,7,9.0,3.2,55.7,DaviGa01
80,80,ChrisMoore,HOU,29,WR,16,74,48,64.9%,548,11.4,2,7.4,3.0,34.3,MoorCh00
81,81,DemarcusRobinson,BAL,28,WR,17,75,48,64.0%,458,9.5,2,6.1,2.8,26.9,RobiDe01
84,84,KalifRaymond,DET,28,WR,17,64,47,73.4%,616,13.1,0,9.6,2.8,36.2,RaymKa00
85,85,DeAndreCarter,LAC,29,WR,17,65,46,70.8%,538,11.7,3,8.3,2.7,31.6,CartDe02
86,86,ChaseClaypool,2TM,24,WR,15,79,46,58.2%,451,9.8,1,5.7,3.1,30.1,ClayCh01
89,89,MarvinJones,JAX,32,WR,16,81,46,56.8%,529,11.5,3,6.5,2.9,33.1,JoneMa02
90,90,DariusSlayton,NYG,25,WR,16,71,46,64.8%,724,15.7,2,10.2,2.9,45.3,SlayDa01
91,91,NoahBrown,DAL,26,WR,16,74,43,58.1%,555,12.9,3,7.5,2.7,34.7,BrowNo00
92,92,RomeoDoubs,GNB,22,WR,13,67,42,62.7%,425,10.1,3,6.3,3.2,32.7,DoubRo00
94,94,IsaiahMcKenzie,BUF,27,WR,15,65,42,64.6%,423,10.1,4,6.5,2.8,28.2,McKeIs00
96,96,MarquezValdesScantling,KAN,28,WR,17,81,42,51.9%,687,16.4,2,8.5,2.5,40.4,ValdMa00
101,101,RondaleMoore,ARI,22,WR,8,56,41,73.2%,414,10.1,1,7.4,5.1,51.8,MoorRo02
102,102,AlecPierce,IND,22,WR,16,78,41,52.6%,593,14.5,2,7.6,2.6,37.1,PierAl00
103,103,ChristianWatson,GNB,23,WR,14,66,41,62.1%,611,14.9,7,9.3,2.9,43.6,WatsCh00
104,104,DarnellMooney,CHI,25,WR,12,61,40,65.6%,493,12.3,2,8.1,3.3,41.1,MoonDa00
105,105,OlamideZaccheaus,ATL,25,WR,17,61,40,65.6%,533,13.3,3,8.7,2.4,31.4,ZaccOl01
107,107,MichaelGallup,DAL,26,WR,14,74,39,52.7%,424,10.9,4,5.7,2.8,30.3,GallMi00
109,109,BenSkowronek,LAR,25,WR,14,61,39,63.9%,376,9.6,0,6.2,2.8,26.9,SkowBe00
112,112,JoshReynolds,DET,27,WR,14,59,38,64.4%,479,12.6,3,8.1,2.7,34.2,ReynJo00
116,116,NicoCollins,HOU,23,WR,10,66,37,56.1%,481,13.0,2,7.3,3.7,48.1,CollNi00
117,117,DevinDuvernay,BAL,25,WR,14,49,37,75.5%,407,11.0,3,8.3,2.6,29.1,DuveDe00
118,118,IsaiahHodgins,2TM,24,WR,10,48,37,77.1%,392,10.6,4,8.2,3.7,39.2,HodgIs00
119,119,ElijahMoore,NYJ,22,WR,16,65,37,56.9%,446,12.1,1,6.9,2.3,27.9,MoorEl00
121,121,HunterRenfrow,LVR,27,WR,10,50,36,72.0%,330,9.2,2,6.6,3.6,33.0,RenfHu00
122,122,KendrickBourne,NWE,27,WR,16,48,35,72.9%,434,12.4,1,9.0,2.2,27.1,BourKe00
123,123,JahanDotson,WAS,22,WR,12,61,35,57.4%,523,14.9,7,8.6,2.9,43.6,DotsJa00
126,126,JauanJennings,SFO,25,WR,16,56,35,62.5%,416,11.9,1,7.4,2.2,26.0,JennJa00
127,127,RandallCobb,GNB,32,WR,13,50,34,68.0%,417,12.3,1,8.3,2.6,32.1,CobbRa00
130,130,TreylonBurks,TEN,22,WR,11,54,33,61.1%,444,13.5,1,8.2,3.0,40.4,BurkTr00
134,134,AllenRobinson,LAR,29,WR,10,52,33,63.5%,339,10.3,3,6.5,3.3,33.9,RobiAl02
135,135,QuezWatkins,PHI,24,WR,17,51,33,64.7%,354,10.7,3,6.9,1.9,20.8,WatkQu00
136,136,CoreyDavis,NYJ,27,WR,13,64,32,50.0%,536,16.8,2,8.4,2.5,41.2,DaviCo03
139,139,NelsonAgholor,NWE,29,WR,16,53,31,58.5%,362,11.7,2,6.8,1.9,22.6,AghoNe00
143,143,DeVanteParker,NWE,29,WR,13,47,31,66.0%,539,17.4,3,11.5,2.4,41.5,ParkDe01
145,145,DJChark,DET,26,WR,11,52,30,57.7%,502,16.7,3,9.7,2.7,45.6,CharDJ00
149,149,TrentSherfield,MIA,26,WR,17,51,30,58.8%,417,13.9,2,8.2,1.8,24.5,SherTr00
153,153,TerraceMarshallJr,CAR,22,WR,14,47,28,59.6%,490,17.5,1,10.4,2.0,35.0,MarsTe00
155,155,RashidShaheed,NOR,24,WR,12,34,28,82.4%,488,17.4,2,14.4,2.3,40.7,ShahRa00
160,160,MarquiseGoodwin,SEA,32,WR,13,42,27,64.3%,387,14.3,4,9.2,2.1,29.8,GoodMa00
163,163,LaviskaShenaultJr,CAR,24,WR,13,32,27,84.4%,272,10.1,1,8.5,2.1,20.9,ShenLa00
169,169,MecoleHardman,KAN,24,WR,8,34,25,73.5%,297,11.9,4,8.7,3.1,37.1,HardMe00
170,170,JarvisLandry,NOR,30,WR,9,39,25,64.1%,272,10.9,1,7.0,2.8,30.2,LandJa00
173,173,NickWestbrookIkhine,TEN,25,WR,17,50,25,50.0%,397,15.9,3,7.9,1.5,23.4,WestNi00
175,175,DavidBell,CLE,22,WR,16,35,24,68.6%,214,8.9,0,6.1,1.5,13.4,BellDa02
176,176,AJGreen,ARI,34,WR,15,47,24,51.1%,236,9.8,2,5.0,1.6,15.7,GreeA.00
177,177,KendallHinton,DEN,25,WR,12,33,24,72.7%,311,13.0,0,9.4,2.0,25.9,HintKe00
178,178,VanJefferson,LAR,26,WR,11,44,24,54.5%,369,15.4,3,8.4,2.2,33.5,JeffVa00
179,179,JulioJones,TAM,33,WR,10,43,24,55.8%,299,12.5,2,7.0,2.4,29.9,JoneJu02
180,180,BrandonPowell,LAR,27,WR,17,32,24,75.0%,156,6.5,0,4.9,1.4,9.2,PoweBr00
181,181,JamalAgnew,JAX,27,WR,15,30,23,76.7%,187,8.1,3,6.2,1.5,12.5,AgneJa00
183,183,ScottMiller,TAM,25,WR,15,40,23,57.5%,185,8.0,0,4.6,1.5,12.3,MillSc01
184,184,WanDaleRobinson,NYG,21,WR,6,31,23,74.2%,227,9.9,1,7.3,3.8,37.8,RobiWa01
185,185,SkyyMoore,KAN,22,WR,16,33,22,66.7%,250,11.4,0,7.6,1.4,15.6,MoorSk01
186,186,ShiSmith,CAR,24,WR,17,41,22,53.7%,296,13.5,2,7.2,1.3,17.4,SmitSh03
187,187,TyquanThornton,NWE,22,WR,13,45,22,48.9%,247,11.2,2,5.5,1.7,19.0,ThorTy00
192,192,EquanimeousStBrown,CHI,26,WR,16,38,21,55.3%,323,15.4,1,8.5,1.3,20.2,St.BEq00
195,195,ChosenAnderson,2TM,29,WR,16,44,20,45.5%,282,14.1,1,6.4,1.3,17.6,AndeRo04
198,198,PhillipDorsett,HOU,29,WR,15,40,20,50.0%,257,12.9,1,6.4,1.3,17.1,DorsPh00
208,208,DantePettis,CHI,27,WR,17,41,19,46.3%,245,12.9,3,6.0,1.1,14.4,PettDa00
209,209,TreQuanSmith,NOR,26,WR,15,27,19,70.4%,278,14.6,1,10.3,1.3,18.5,SmitTr03
211,211,TutuAtwell,LAR,23,WR,13,35,18,51.4%,298,16.6,1,8.5,1.4,22.9,AtweTu00
212,212,BraxtonBerrios,NYJ,27,WR,17,32,18,56.3%,145,8.1,0,4.5,1.1,8.5,BerrBr00
223,223,MarquezCallaway,NOR,24,WR,14,32,16,50.0%,158,9.9,1,4.9,1.1,11.3,CallMa01
229,229,MichaelThomas,NOR,29,WR,3,22,16,72.7%,171,10.7,3,7.8,5.3,57.0,ThomMi05
230,230,KadariusToney,2TM,23,WR,9,20,16,80.0%,171,10.7,2,8.6,1.8,19.0,ToneKa00
233,233,RashodBateman,BAL,23,WR,6,28,15,53.6%,285,19.0,2,10.2,2.5,47.5,BateRa00
234,234,AshtonDulin,IND,25,WR,12,22,15,68.2%,207,13.8,1,9.4,1.3,17.3,DuliAs00
236,236,TrentonIrwin,CIN,27,WR,9,23,15,65.2%,231,15.4,4,10.0,1.7,25.7,IrwiTr00
238,238,ZachPascal,PHI,28,WR,17,19,15,78.9%,150,10.0,1,7.9,0.9,8.8,PascZa00
241,241,JustinWatson,KAN,26,WR,17,34,15,44.1%,315,21.0,2,9.3,0.9,18.5,WatsJu01
246,246,RayRayMcCloud,SFO,26,WR,17,25,14,56.0%,243,17.4,1,9.7,0.8,14.3,McClRa00
248,248,StevenSims,PIT,25,WR,12,23,14,60.9%,104,7.4,0,4.5,1.2,8.7,SimsSt00
250,250,DamiereByrd,ATL,29,WR,14,23,13,56.5%,268,20.6,2,11.7,0.9,19.1,ByrdDa00
253,253,KhaDarelHodge,ATL,27,WR,17,20,13,65.0%,202,15.5,1,10.1,0.8,11.9,HodgKh00
256,256,SterlingShepard,NYG,29,WR,3,24,13,54.2%,154,11.8,1,6.4,4.3,51.3,ShepSt00
265,265,CedrickWilsonJr,MIA,27,WR,15,18,12,66.7%,136,11.3,0,7.6,0.8,9.1,WilsCe01
268,268,DenzelMims,NYJ,25,WR,10,25,11,44.0%,186,16.9,0,7.4,1.1,18.6,MimsDe00
273,273,DavidSills,NYG,26,WR,9,17,11,64.7%,106,9.6,0,6.2,1.2,11.8,SillDa01
276,276,MichaelBandy,LAC,25,WR,10,21,10,47.6%,89,8.9,0,4.2,1.0,8.9,BandMi00
278,278,KeelanCole,LVR,29,WR,14,21,10,47.6%,141,14.1,1,6.7,0.7,10.1,ColeKe00
285,285,ByronPringle,CHI,29,WR,11,16,10,62.5%,135,13.5,2,8.4,0.9,12.3,PrinBy00
286,286,KhalilShakir,BUF,22,WR,14,20,10,50.0%,161,16.1,1,8.1,0.7,11.5,ShakKh00
290,290,RiverCracraft,MIA,28,WR,11,14,9,64.3%,102,11.3,2,7.3,0.8,9.3,CracRi00
296,296,DeSeanJackson,BAL,36,WR,7,17,9,52.9%,153,17.0,0,9.0,1.3,21.9,JackDe00
297,297,MarcusJohnson,NYG,28,WR,14,22,9,40.9%,99,11.0,0,4.5,0.6,7.1,JohnMa07
299,299,JalenNailor,MIN,23,WR,15,13,9,69.2%,179,19.9,1,13.8,0.6,11.9,NailJa00
300,300,BreshadPerriman,TAM,29,WR,11,19,9,47.4%,110,12.2,1,5.8,0.8,10.0,PerrBr02
306,306,TomKennedy,DET,26,WR,7,15,8,53.3%,141,17.6,0,9.4,1.1,20.1,KennTo01
309,309,KylePhilips,TEN,23,WR,4,13,8,61.5%,78,9.8,0,6.0,2.0,19.5,PhilKy01
310,310,JamesProche,BAL,26,WR,15,17,8,47.1%,62,7.8,0,3.6,0.5,4.1,ProcJa00
311,311,JalenReagor,MIN,23,WR,17,13,8,61.5%,104,13.0,1,8.0,0.5,6.1,ReagJa00
313,313,CamSims,WAS,26,WR,17,18,8,44.4%,89,11.1,0,4.9,0.5,5.2,SimsCa00
314,314,JeffSmith,NYJ,25,WR,11,11,8,72.7%,134,16.8,0,12.2,0.7,12.2,SmitJe03
315,315,AndreBaccellia,ARI,25,WR,8,10,7,70.0%,45,6.4,0,4.5,0.9,5.6,BaccAn00
317,317,DWayneEskridge,SEA,25,WR,10,13,7,53.8%,58,8.3,0,4.5,0.7,5.8,EskrDW00
318,318,KJHamler,DEN,23,WR,7,14,7,50.0%,165,23.6,0,11.8,1.0,23.6,HamlKJ00
319,319,NKealHarry,CHI,25,WR,7,9,7,77.8%,116,16.6,1,12.9,1.0,16.6,HarrNK00
320,320,TYHilton,DAL,33,WR,3,10,7,70.0%,121,17.3,0,12.1,2.3,40.3,HiltT.00
322,322,VelusJonesJr,CHI,25,WR,12,14,7,50.0%,107,15.3,1,7.6,0.6,8.9,JoneVe00
329,329,JamisonCrowder,BUF,29,WR,4,13,6,46.2%,60,10.0,0,4.6,1.5,15.0,CrowJa00
332,332,KennyGolladay,NYG,29,WR,12,17,6,35.3%,81,13.5,1,4.8,0.5,6.8,GollKe00
333,333,BrandonJohnson,DEN,24,WR,7,14,6,42.9%,42,7.0,1,3.0,0.9,6.0,JohnBr23
337,337,DaxMilne,WAS,23,WR,15,7,6,85.7%,37,6.2,1,5.3,0.4,2.5,MilnDa00
338,338,TrentTaylor,CIN,28,WR,16,10,6,60.0%,62,10.3,0,6.2,0.4,3.9,TaylTr02
339,339,LaquonTreadwell,SEA,27,WR,6,10,6,60.0%,42,7.0,0,4.2,1.0,7.0,TreaLa00
344,344,DyamiBrown,WAS,23,WR,15,14,5,35.7%,143,28.6,2,10.2,0.3,9.5,BrowDy00
353,353,GunnerOlszewski,PIT,26,WR,16,7,5,71.4%,53,10.6,0,7.6,0.3,3.3,OlszGu00
357,357,DevenThompkins,TAM,23,WR,5,10,5,50.0%,32,6.4,0,3.2,1.0,6.4,ThomDe07
358,358,SamoriToure,GNB,24,WR,11,10,5,50.0%,82,16.4,1,8.2,0.5,7.5,TourSa00
360,360,MichaelWoodsII,CLE,22,WR,10,10,5,50.0%,45,9.0,0,4.5,0.5,4.5,WoodMi00
361,361,ChrisConley,2TM,30,WR,9,7,4,57.1%,46,11.5,0,6.6,0.4,5.1,ConlCh00
371,371,JakeKumerow,BUF,30,WR,6,7,4,57.1%,64,16.0,0,9.1,0.7,10.7,KumeJa00
373,373,AnthonySchwartz,CLE,22,WR,11,10,4,40.0%,51,12.8,0,5.1,0.4,4.6,SchwAn00
376,376,TylanWallace,BAL,23,WR,9,7,4,57.1%,33,8.3,0,4.7,0.4,3.7,WallTy00
377,377,MontrellWashington,DEN,23,WR,15,9,4,44.4%,2,0.5,0,0.2,0.3,0.1,WashMo00
383,383,BryanEdwards,ATL,24,WR,7,5,3,60.0%,15,5.0,0,3.0,0.4,2.1,EdwaBr01
386,386,SimiFehoko,DAL,25,WR,5,4,3,75.0%,24,8.0,0,6.0,0.6,4.8,FehoSi00
387,387,PennyHart,SEA,26,WR,9,4,3,75.0%,20,6.7,0,5.0,0.3,2.2,HartPe01
388,388,CodyHollister,TEN,29,WR,11,5,3,60.0%,54,18.0,0,10.8,0.3,4.9,HollCo00
391,391,TimJones,JAX,24,WR,17,4,3,75.0%,30,10.0,0,7.5,0.2,1.8,JoneTi00
393,393,TyMontgomery,NWE,29,WR,1,4,3,75.0%,15,5.0,1,3.8,3.0,15.0,MontTy01
397,397,MikeStrachan,IND,25,WR,13,9,3,33.3%,59,19.7,0,6.6,0.2,4.5,StraMi03
401,401,DaylenBaldwin,CLE,23,WR,1,2,2,100.0%,25,12.5,0,12.5,2.0,25.0,BaldDa01
405,405,MilesBoykin,PIT,26,WR,16,3,2,66.7%,11,5.5,0,3.7,0.1,0.7,BoykMi00
408,408,QuintezCephus,DET,24,WR,4,3,2,66.7%,15,7.5,0,5.0,0.5,3.8,CephQu00
409,409,TyrieCleveland,DEN,25,WR,6,7,2,28.6%,28,14.0,0,4.0,0.3,4.7,ClevTy00
410,410,PharohCooper,ARI,27,WR,5,2,2,100.0%,6,3.0,0,3.0,0.4,1.2,CoopPh00
415,415,JalenGuyton,LAC,25,WR,3,4,2,50.0%,64,32.0,0,16.0,0.7,21.3,GuytJa01
416,416,DeonteHarty,NOR,25,WR,4,2,2,100.0%,13,6.5,0,6.5,0.5,3.3,HarrDe07
418,418,DennisHouston,DAL,23,WR,2,6,2,33.3%,16,8.0,0,2.7,1.0,8.0,HousDe01
419,419,LilJordanHumphrey,NWE,24,WR,6,4,2,50.0%,20,10.0,0,5.0,0.3,3.3,HumpLi01
422,422,CadeJohnson,SEA,24,WR,3,4,2,50.0%,21,10.5,0,5.3,0.7,7.0,JohnCa03
423,423,KeithKirkwood,NOR,28,WR,5,4,2,50.0%,18,9.0,0,4.5,0.4,3.6,KirkKe00
426,426,RaceyMcMath,TEN,23,WR,5,8,2,25.0%,40,20.0,0,5.0,0.4,8.0,McMaRa00
428,428,DezmonPatmon,IND,24,WR,1,6,2,33.3%,24,12.0,0,4.0,2.0,24.0,PatmDe00
431,431,BraylonSanders,MIA,23,WR,3,3,2,66.7%,17,8.5,0,5.7,0.7,5.7,SandBr00
435,435,MikeThomas,CIN,28,WR,10,10,2,20.0%,38,19.0,0,3.8,0.2,3.8,ThomMi04
436,436,JalenTolbert,DAL,23,WR,8,3,2,66.7%,12,6.0,0,4.0,0.3,1.5,TolbJa00
437,437,AustinTrammell,LAR,24,WR,6,4,2,50.0%,13,6.5,0,3.3,0.3,2.2,TramAu00
439,439,JalenVirgil,DEN,24,WR,9,5,2,40.0%,75,37.5,1,15.0,0.2,8.3,VirgJa00
441,441,NsimbaWebster,CHI,26,WR,2,3,2,66.7%,14,7.0,0,4.7,1.0,7.0,WebsNs00
443,443,KevinWhite,NOR,30,WR,7,5,2,40.0%,74,37.0,0,14.8,0.3,10.6,WhitKe00
445,445,DarekeYoung,SEA,23,WR,13,2,2,100.0%,24,12.0,0,12.0,0.2,1.8,YounDa02
447,447,MauriceAlexander,DET,25,WR,4,1,1,100.0%,7,7.0,0,7.0,0.3,1.8,AlexMa02
449,449,CJBoard,TEN,29,WR,4,1,1,100.0%,6,6.0,0,6.0,0.3,1.5,BoarC.00
450,450,JohnBrown,BUF,32,WR,3,2,1,50.0%,42,42.0,1,21.0,0.3,14.0,BrowJo02
452,452,JalenCamp,HOU,24,WR,2,1,1,100.0%,7,7.0,0,7.0,0.5,3.5,CampJa03
453,453,KekeCoutee,IND,25,WR,8,1,1,100.0%,20,20.0,0,20.0,0.1,2.5,CoutKe00
454,454,FrankDarby,ATL,25,WR,5,1,1,100.0%,15,15.0,0,15.0,0.2,3.0,DarbFr00
457,457,ErikEzukanma,MIA,22,WR,1,1,1,100.0%,3,3.0,0,3.0,1.0,3.0,EzukEr00
460,460,DannyGray,SFO,23,WR,13,7,1,14.3%,10,10.0,0,1.4,0.1,0.8,GrayDa02
462,462,JacobHarris,LAR,25,WR,7,1,1,100.0%,6,6.0,0,6.0,0.1,0.9,HarrJa03
464,464,TyronJohnson,2TM,26,WR,4,1,1,100.0%,8,8.0,0,8.0,0.3,2.0,JohnTy03
466,466,MasonKinsey,TEN,24,WR,2,1,1,100.0%,3,3.0,0,3.0,0.5,1.5,KinsMa00
469,469,JasonMoore,LAC,27,WR,6,2,1,50.0%,5,5.0,0,2.5,0.2,0.8,MoorJa02
479,479,KaVontaeTurpin,DAL,26,WR,17,2,1,50.0%,9,9.0,0,4.5,0.1,0.5,TurpKa00
481,481,CodyWhite,PIT,24,WR,1,1,1,100.0%,2,2.0,0,2.0,1.0,2.0,WhitCo05
482,482,JamesonWilliams,DET,21,WR,6,9,1,11.1%,41,41.0,1,4.6,0.2,6.8,WillJa11
486,486,JuwannWinfree,GNB,26,WR,3,4,1,25.0%,17,17.0,0,4.3,0.3,5.7,WinfJu00
488,488,JoshAli,ATL,23,WR,2,1,0,0.0%,0,,0,0.0,0.0,0.0,AlixJo00
498,498,TannerGentry,BUF,28,WR,3,1,0,0.0%,0,,0,0.0,0.0,0.0,GentTa00
499,499,JoshGordon,TEN,31,WR,2,1,0,0.0%,0,,0,0.0,0.0,0.0,GordJo02
500,500,LanceMcCutcheon,LAR,23,WR,10,5,0,0.0%,0,,0,0.0,0.0,0.0,McCuLa01
501,501,StanleyMorganJr,CIN,26,WR,14,1,0,0.0%,0,,0,0.0,0.0,0.0,MorgSt02
505,505,DJTurner,LVR,25,WR,9,1,0,0.0%,0,,0,0.0,0.0,0.0,TurnDJ00
506,506,JamesWashington,DAL,26,WR,2,1,0,0.0%,0,,0,0.0,0.0,0.0,WashJa00
